Workbook

Sheet cleaned_ecommerce_sales
A1: order_id | B1: customer_name | C1: product | D1: category | E1: quantity | F1: unit_price | G1: order_date | H1: region | I1: revenue
A2: ORD001 | B2: Rahul Sharma | C2: Laptop | D2: Electronics | E2: 2 | F2: 55000 | G2: 2026-01-05 | H2: South | I2: 110000
A3: ORD002 | B3: Priya Reddy | C3: Wireless Mouse | D3: Electronics | E3: 5 | F3: 1200 | G3: 2026-01-06 | H3: South | I3: 6000
A4: ORD003 | B4: Arjun Kumar | C4: Keyboard | D4: Electronics | E4: 3 | F4: 1800 | G4: 2026-01-07 | H4: South | I4: 5400
A5: ORD004 | B5: Unknown | C5: Monitor | D5: Electronics | E5: 1 | F5: 15000 | G5: 2026-01-15 | H5: North | I5: 15000
A6: ORD005 | B6: Sneha Rao | C6: Laptop | D6: Electronics | E6: 1 | F6: 55000 | G6: 2026-01-09 | H6: South | I6: 55000
A7: ORD006 | B7: Vikram Singh | C7: Office Chair | D7: Furniture | E7: 2 | F7: 8500 | G7: 2026-01-10 | H7: West | I7: 17000
A8: ORD007 | B8: Ananya Reddy | C8: Wireless Mouse | D8: Electronics | E8: 2 | F8: 1200 | G8: 2026-01-15 | H8: South | I8: 2400
A9: ORD008 | B9: Kiran Patel | C9: Headphones | D9: Electronics | E9: 4 | F9: 3500 | G9: 2026-01-12 | H9: East | I9: 14000
A10: ORD009 | B10: Unknown | C10: Keyboard | D10: Uncategorized | E10: 2 | F10: 1800 | G10: 2026-01-15 | H10: South | I10: 3600
A11: ORD010 | B11: Meena Das | C11: Laptop | D11: Electronics | E11: 2 | F11: 3500 | G11: 2026-01-14 | H11: North | I11: 7000
A12: ORD011 | B12: Ravi Kumar | C12: Office Chair | D12: Furniture | E12: 1 | F12: 8500 | G12: 2026-01-15 | H12: West | I12: 8500
A13: ORD012 | B13: Priya Reddy | C13: Wireless Mouse | D13: Electronics | E13: 3 | F13: 1200 | G13: 2026-01-16 | H13: South | I13: 3600
... A20: ORD020 | B20: Anil Kumar | C20: Headphones | D20: Electronics | E20: 3 | F20: 3500 | G20: 2026-01-24 | H20: South | I20: 10500

Sheet Pivot_Product_Revenue
A1: product | B1: Sum - revenue
A2: Headphones | B2: 31500
A3: Keyboard | B3: 16200
A4: Laptop | B4: 227000
A5: Monitor | B5: 75000
A6: Office Chair | B6: 34000
A7: Wireless Mouse | B7: 12000
A8: Total Result | B8: 395700

Sheet Pivot_Quantity_Category
A1: category | B1: Sum - quantity
A2: Electronics | B2: 37
A3: Furniture | B3: 4
A4: Uncategorized | B4: 2
A5: Total Result | B5: 43

Sheet Pivot_Region
A1: region | B1: Sum - revenue
A2: East | B2: 21000
A3: North | B3: 82000
A4: South | B4: 258700
A5: West | B5: 34000
A6: Total Result | B6: 395700

Sheet Pivot_Category
A1: category | B1: Sum - revenue
A2: Electronics | B2: 358100
A3: Furniture | B3: 34000
A4: Uncategorized | B4: 3600
A5: Total Result | B5: 395700

Sheet Dashboard
A1: E-Commerce Sales Dashboard
A2: CodeOrbit Tech – Data Analyst Internship | Task 3
A4: Total Revenue | C4: Total Orders | E4: Total Quantity Sold | G4: Average Order Value
A5: =SUM(cleaned_ecommerce_sales!I2:I1000) -> 395700 | C5: =COUNTA(cleaned_ecommerce_sales!A2:A1000) -> 19 | E5: =SUM(cleaned_ecommerce_sales!E2:E1000) -> 43 | G5: =A5/C5 -> 20826.316
A8: Revenue by Category | G8: Top 5 Products by Revenue
A9: Category | B9: Revenue | G9: Product | H9: Revenue
A10: Electronics | B10: =SUMIF(cleaned_ecommerce_sales!D2:D1000,A10,cleaned_ecommerce_sales!I2:I1000) -> 358100 | G10: Laptop | H10: =SUMIF(cleaned_ecommerce_sales!C2:C1000,G10,cleaned_ecommerce_sales!I2:I1000) -> 227000
A11: Furniture | B11: =SUMIF(cleaned_ecommerce_sales!D3:D1001,A11,cleaned_ecommerce_sales!I3:I1001) -> 34000 | G11: Monitor | H11: =SUMIF(cleaned_ecommerce_sales!C5:C1003,G11,cleaned_ecommerce_sales!I5:I1003) -> 75000
A12: Uncategorized | B12: =SUMIF(cleaned_ecommerce_sales!D4:D1002,A12,cleaned_ecommerce_sales!I4:I1002) -> 3600 | G12: Office Chair | H12: =SUMIF(cleaned_ecommerce_sales!C6:C1004,G12,cleaned_ecommerce_sales!I6:I1004) -> 34000
G13: Headphones | H13: =SUMIF(cleaned_ecommerce_sales!C7:C1005,G13,cleaned_ecommerce_sales!I7:I1005) -> 31500
G14: Keyboard | H14: =SUMIF(cleaned_ecommerce_sales!C4:C1002,G14,cleaned_ecommerce_sales!I4:I1002) -> 16200
G15: Wireless Mouse | H15: =SUMIF(cleaned_ecommerce_sales!C3:C1001,G15,cleaned_ecommerce_sales!I3:I1001) -> 12000
A39: Revenue by Region | G39: Monthly Revenue Trend
A40: Region | B40: Revenue | G40: Month | H40: Revenue
A41: South | B41: =SUMIF(cleaned_ecommerce_sales!H2:H1000,A41,cleaned_ecommerce_sales!I2:I1000) -> 258700 | G41: January | H41: 395700
A42: North | B42: =SUMIF(cleaned_ecommerce_sales!H3:H1001,A42,cleaned_ecommerce_sales!I3:I1001) -> 82000
A43: East | B43: =SUMIF(cleaned_ecommerce_sales!H4:H1002,A43,cleaned_ecommerce_sales!I4:I1002) -> 21000
A44: West | B44: =SUMIF(cleaned_ecommerce_sales!H5:H1003,A44,cleaned_ecommerce_sales!I5:I1003) -> 34000

Sheet Task4_Insights
A1: Pivot Table Analysis
A3: Key Business Insights
A4: Total revenue generated was ₹395,700 from 19 orders and 43 units sold.
A5: Electronics generated the highest category revenue at ₹358,100, while Furniture generated ₹34,000.
A6: South region generated the highest regional revenue at ₹258,700, followed by North at ₹82,000.
A7: Laptop generated the highest product revenue at ₹227,000.
A8: Keyboard generated ₹16,200, while Wireless Mouse generated ₹12,000.
A9: Uncategorized products contributed ₹3,600 in revenue, indicating that some records may benefit from improved category classification.
A11: Validation Checks
A12: Category revenue total = ₹395,700 ✅
A13: Region revenue total = ₹395,700 ✅
A14: Product revenue total = ₹395,700 ✅
... A16: All four pivot tables reconcile to the dataset totals. ✅

Sheet KPI_Report
A1: E-Commerce KPI Report
A2: **CodeOrbit Tech – Data Analyst Internship
A4: KPI | B4: Value | D4: Performance Metric | E4: Result
A5: Total Revenue | B5: =SUM(cleaned_ecommerce_sales!I2:I20) -> 395700 | D5: Top Revenue Category | E5: Electronics
A6: Total Orders | B6: =COUNTA(cleaned_ecommerce_sales!A2:A20) -> 19 | D6: Top Revenue Region | E6: South
A7: Total Quantity Sold | B7: =SUM(cleaned_ecommerce_sales!E2:E20) -> 43 | D7: Top Revenue Product | E7: Laptop
A8: Average Order Value | B8: =B5/B6 -> 20826.316 | D8: Uncategorized Revenue ₹3,600
A10: KPI Interpretation | D10: Validation Status | E10: All KPI calculations verified ✅
A11: Total revenue generated from the dataset was ₹395,700.
A12: The dataset contains 19 orders.
A13: Total quantity sold was 43 units.
A14: Average revenue per order was approximately ₹20,826.32.
A16: Conclusion
A17: The KPI report summarizes overall sales performance using revenue, order volume, quantity sold, and average order value. The report also highlights the leading category, region, and product based on the completed sales analysis.

Sheet Business_Insights
A1: E-Commerce Business Insights Report
A2: CodeOrbit Tech – Data Analyst Internship | Task 6
A4: Executive Summary
A5: Total revenue generated was ₹395,700 from 19 orders and 43 units sold.
A6: The average revenue per order was approximately ₹20,826.32.
A7: Electronics generated the highest category revenue at ₹358,100.
A8: South region generated the highest regional revenue at ₹258,700.
A9: Laptop generated the highest product revenue at ₹227,000.
A10: Uncategorized products contributed ₹3,600 in revenue and may benefit from improved category classification.
A12: Key Business Insights
A13: 1. Category Performance
A14: Electronics was the highest-revenue category, generating ₹358,100.
... A53: Author: Kethana Sai Pranavi Atmuri
